Wk,Year,Home,Away,Outcome,Home_conf,Away_conf,off_rank.x,pts.x,p_comp.x,p_att.x,comp_pct.x,p_yds.x,p_td.x,r_att.x,r_yds.x,r_avg.x,r_td.x,ttl_off_plays.x,ttl_off_yds.x,ttl_off_avg.x,pass_fd.x,rush_fd.x,pen_fd.x,ttl_fd.x,pen.x,pen_yds.x,fum.x,int.x,turnover.x,def_rank.x,opp_pts.x,opp_p_comp.x,opp_p_att.x,opp_comp_pct.x,opp_p_yds.x,opp_p_td.x,opp_r_att.x,opp_r_yds.x,opp_r_avg.x,opp_r_td.x,opp_ttl_off_plays.x,opp_ttl_off_yds.x,opp_ttl_off_avg.x,opp_pass_fd.x,opp_rush_fd.x,opp_pen_fd.x,opp_ttl_fd.x,def_pen.x,def_pen_yds.x,opp_fum.x,opp_int.x,opp_turnover.x,off_rank.y,pts.y,p_comp.y,p_att.y,comp_pct.y,p_yds.y,p_td.y,r_att.y,r_yds.y,r_avg.y,r_td.y,ttl_off_plays.y,ttl_off_yds.y,ttl_off_avg.y,pass_fd.y,rush_fd.y,pen_fd.y,ttl_fd.y,pen.y,pen_yds.y,fum.y,int.y,turnover.y,def_rank.y,opp_pts.y,opp_p_comp.y,opp_p_att.y,opp_comp_pct.y,opp_p_yds.y,opp_p_td.y,opp_r_att.y,opp_r_yds.y,opp_r_avg.y,opp_r_td.y,opp_ttl_off_plays.y,opp_ttl_off_yds.y,opp_ttl_off_avg.y,opp_pass_fd.y,opp_rush_fd.y,opp_pen_fd.y,opp_ttl_fd.y,def_pen.y,def_pen_yds.y,opp_fum.y,opp_int.y,opp_turnover.y
17,2018,Appalachian State,Middle Tennessee State,1,Sun Belt,CUSA,1.3453136648045392,4.692674727282105,3.149124287099167,3.2821610817607096,4.321268820417009,3.326078595056922,1.2867897279339089,4.454475933846734,5.200850751673535,3.8287987068210163,2.079515325886917,4.047605320401029,4.287060399386425,3.7602788207167515,2.959232863101688,3.8449717331528306,1.1016392149468721,3.811928169116748,3.4230879683483595,4.518975005868277,-0.15833388520051636,0.6042449793748281,0.7475916147086236,0.26786878796122343,2.6669057438110753,3.5549773585160733,3.820306180762564,4.1410960648787505,2.936727437125958,-0.16429623882319683,4.251733038244427,3.6699880189170435,2.2256211398920716,0.38649693047003403,4.101363581944612,3.2848031924326904,2.3691957622046877,2.6379551650528588,2.985130886947495,0.9580431572526517,3.294115038148754,2.922797472795235,3.2735457508522465,0.20632255488989898,1.4021103695800632,1.6030427757903565,4.76503646337302,3.7278652937717034,5.176314614090483,4.667661487736399,4.929835082036167,4.42949853859139,1.8100729988703739,3.8566547034441614,3.0280684537149645,2.2494328774784624,0.5461014532644397,4.302902016886686,3.899439844626417,3.1194942488575537,3.892501554111719,3.067004683099255,1.2479209437960055,3.94692131130732,2.4359021792241777,3.6596218327179746,0.6030667945025586,0.42902038298243056,1.0277676616461813,3.6739753888177415,4.251992950982835,3.866130059516555,4.0486807094073125,4.213306559277912,4.019994352377027,1.3465848881501488,4.402687561169395,4.492384528614967,2.706293204331537,0.5979952891718667,4.271054770396905,4.24334103632049,3.1697240980436634,3.199615561763744,4.127730662524105,1.6090881253501714,4.135420689876906,3.169638367588726,4.037763288220453,0.2056280427721741,1.0679401880090644,1.2984892264700154
17,2018,Arizona State,Fresno State,1,Pac-12,MWC,4.007616996147279,3.9408495143672235,4.179731737728517,4.234930530158823,4.472510881245648,4.359572122003094,1.052498992155787,4.079764853897495,4.033835032009248,3.0825700479506795,1.605503285911708,4.248700117287554,4.320398270506418,3.569817708321742,3.8032886419968888,3.6602192096325576,1.3735381080083595,4.194672136194421,3.517842881398469,4.459358129440874,-0.15708078050976385,-0.0401908860486562,0.1553699630375825,4.180692182805186,4.559026743406684,4.6326641148527985,4.444994315713264,4.641826892268144,4.916085510975052,1.361850643081817,4.705721165375118,4.70021504010902,2.698510157244509,0.6288239003540458,4.63112380537715,4.881745589710257,3.50239922115369,4.681774863075118,4.525707949051538,1.8947806507643763,5.2053423613489045,3.2940329551839684,4.362998588698347,0.5899096732077197,0.5729368311437406,1.1553090923680918,1.8856599372092595,4.574315298392675,4.83775434923142,4.3231369822940495,5.054501112710253,4.859463925379373,1.5713848939214177,3.875405779038879,3.365529831257611,2.604961639305796,1.7456422177734887,4.1612586119885595,4.293600783035741,3.6522024481530355,4.314222652252809,2.7080351574945105,0.8473387813520369,3.948209744523953,2.798378027308865,3.5039557310568914,0.2184932528580764,-0.20968962848392533,0.1349344893908571,-0.03876224701477608,2.1318174765798505,3.536903205151777,4.21237400825012,3.7922524047188504,3.683489466658414,0.5219074094640124,4.127972572128751,3.6518281912918202,2.2462201702060014,-0.24218012440114062,4.202471958784502,3.700834765421069,2.785520800580346,3.455085479556347,3.1435778867450974,0.962060272411002,3.713218295190561,2.759853166236329,3.3547237964995578,0.20635168823219432,1.3978826798688073,1.5969881018651126
17,2018,Eastern Michigan,Georgia Southern,1,MAC,Sun Belt,5.927961509123113,3.519338354862236,4.256727975675359,4.228763956465206,4.623246429497795,4.175057349401069,0.9358731636320345,4.199783054727541,3.252322137825507,2.3223536094589043,1.3690721506637853,4.318367996162263,3.8558576516479137,3.0785079271023865,3.5341808585692767,2.6590067413751317,1.2401468410718952,3.5775353334106916,4.469588285392501,5.840774002150378,0.8072426133459847,-0.20043751476094682,0.7496686555535969,2.66976529171252,3.9993177154882993,3.6432317868294697,3.9330507800590233,4.242815214903678,3.2709717841599133,0.39251538048033097,5.275494062455172,5.6816916002603985,3.0831835846318483,0.871300210756407,4.710105585049593,4.332680861646413,2.960705705690372,2.587566903628806,4.6374240400853655,2.1644637052549642,4.306014686373739,4.243937038168534,5.465210696056588,0.9731816820476622,1.0707236188572287,1.9054691323549984,3.8153060629296824,4.09723198808107,0.8703058426213648,1.0010181574890458,4.3937792620263,1.3258304381275492,0.12594893442118293,5.478328000643242,6.240127363321307,3.6620813909719163,2.4679814637689605,3.5737623639490885,3.5161133932013593,3.457901428977883,0.6363626347334277,5.393932928439211,0.44620806035706945,3.2235448493724395,2.459606697853796,3.207420021641945,0.026749224070722433,-0.6876783398375833,-0.4596405139087364,1.8365356554453878,3.6271002653866877,4.118676127383931,3.97612538262547,4.704548929500793,4.201497661512757,0.24755492820056915,4.255238943067284,4.129358645859909,2.537392093383017,1.3202384929510818,4.163330551243585,4.205781451404213,3.2846888956868705,3.7174597164082988,3.65535346463587,0.8336037495268882,4.061163721847733,3.0616186109215926,3.886920041261144,1.1713786254734166,1.3972411992433775,2.341472696244661
17,2018,Louisiana,Tulane,1,Sun Belt,American,2.9916616961665095,4.265237359584916,3.557975254659008,3.460605058658666,4.797449738372564,3.826456975435177,1.5280722217642677,4.395717097805342,5.129249099271723,3.8875200175010707,1.729603771665514,4.099766622498124,4.535591693048613,3.9879980511844213,3.123534484085468,4.029194794896787,0.8358157813021165,3.982333630790149,2.7898186791155624,3.655206505536145,-0.3484614273367769,0.928283522191938,0.7508043260219802,9.435213111654315,6.438000797637087,3.7882561715378253,3.585236239478252,4.876208196594006,4.678027176497897,1.2257496109320896,5.233772903359634,6.319010337143536,3.566736164113532,2.2009611580628823,4.528523146373698,5.4189240496955895,4.112036153695331,4.200922997003209,5.198661146919583,1.0959419146631966,5.216497932346658,2.7003904741459657,3.715667643408212,0.2071193080312074,0.07640820686964073,0.4081964729454963,7.253791864161692,3.363218763807282,2.4179001962505082,3.162776188789523,3.660969460994996,3.287076227127933,0.6093189656713668,5.1015075316644545,5.071020196390803,3.071282653891555,1.6306277523757875,4.308868415449034,4.107371050969032,3.3330117032428817,2.396365684761748,3.889922951144394,0.7156710178015521,3.49276537162024,4.243681090301546,5.359178963351199,0.9895624739055856,0.11217992910550098,1.0296299731383833,5.444691013905733,4.8391416017010105,4.294840040895332,4.903686599261388,4.044287952257206,5.2421027860573925,1.7632852022129304,4.566649745889511,4.476362994524229,2.64193537723701,0.961479533494843,4.758156425095488,4.973611617498546,3.467460642861151,4.789239225832521,3.7970873682089943,2.0045179769105235,4.905485687105646,3.946963757950624,4.955438447464879,0.2065272635875183,0.7374156782521167,1.0034615568378917
17,2018,North Texas,Utah State,1,CUSA,MWC,1.5041242737856728,4.884334293135746,5.921374431809264,5.746139077862023,4.877000683878185,6.003819587338544,1.885007546182585,3.8473743391327693,3.496180743439823,2.8699652067943835,1.4928943504974748,4.787192474877783,4.996962134572389,3.7974565789574615,5.853915978327297,3.0230188354248018,2.1913527949311042,5.085604191443592,2.3706656572688645,4.274500922477935,0.6152307194109492,-0.03804365789410648,0.6035514082014095,2.5723951201654383,4.1226623055253535,4.684566263543886,5.20394373205745,4.220039689229956,5.286937382236002,0.6720894652378532,4.201015416942531,3.394807632864876,1.984148864405643,0.8738213423875834,4.711798181745065,4.561842388451211,3.1654556831420484,4.561221975267689,2.7390184179253243,1.3653997483061846,4.287692319731022,3.220174377315662,4.460271306986557,-0.17499343959077904,1.5685992372555728,1.6077597719806742,-0.017023169234796638,6.538491174230863,5.3116846513863445,4.965981912077542,5.044878460740521,5.267404538304581,1.9371699946263228,4.23007213292325,5.066282403074248,3.8793720956978404,2.4745688425164998,4.642756694680893,5.254701137311399,4.177737508371738,4.732389612139303,3.830813549292435,0.7169228609136193,4.684861585008883,4.642590865532819,5.75481239806415,1.181433622290499,-0.04645777228617755,1.0308990509642,2.7649022729212716,3.994616713409446,4.3255536294759285,4.853423315998261,4.185092538464903,4.814829962479215,0.9381835443313559,4.907002880915483,4.267782056142761,2.2719860341135556,0.24139600105615544,4.911512923975893,4.632877079531934,3.0810899775247504,3.951017796319088,3.2788302796042545,2.136899933930585,4.301927804371091,4.490713528848576,5.496698091819408,0.7854680001444841,1.7269085069532035,2.3429825881443844
18,2018,UAB,Northern Illinois,1,CUSA,MAC,4.950604345733627,3.926835169244667,2.980423524960232,3.4317925605127986,4.243674395368494,3.637246854628893,0.4668138719811962,5.073359605081546,4.785151568949403,3.0580516392276094,2.0938128200998207,4.484140006502442,4.273292122603014,3.3749303973319758,3.1698025561576992,4.5574612898254,0.973696858326874,4.3486892802088075,3.758009344951029,6.1535074815329205,-0.3465050609359698,1.2512206577832001,1.0499053507984557,0.7113161402300494,3.2174755472013095,3.606802138815944,4.126543836528916,4.206374952749323,3.907399059321543,0.534411200945669,4.214161913042147,3.6063264709454286,2.1790723244345265,0.27036289199927543,4.229131566859299,3.82927511023599,2.9372165898293603,3.1954680954130907,2.867609857222954,2.841661408072159,3.997242439141246,2.294986270103938,3.5710602956231035,0.5914016970873349,0.4080841550110923,1.009469388108884,9.785978305544022,2.7450972396863276,3.6594335273317617,4.0334318213006926,4.37867645066013,2.7469268799637203,0.6115484277486666,5.034256174943567,4.277482986849564,2.487358988710414,0.5520593824278416,4.673320135049015,3.449585677308629,2.480362121707814,2.7938284511410543,4.312284621046125,0.4496742778948172,3.8748294868548347,3.898619582094291,5.349537524659361,0.21918688885834162,0.5919281434597103,1.0321666610780231,1.8194455952792343,3.74913693110312,4.563731983086272,4.859181963738923,4.4755377934978124,4.854838838741762,0.38806092957088517,4.991440689639829,3.20948501228879,1.421355284392807,0.6030453023317592,4.975760340789411,4.22612847792126,2.6871471529883633,4.715206006326621,2.69001463302808,2.659953007099841,4.581741957060515,3.0664533961072045,3.5532652350665943,0.7855262969979689,0.07803336147096365,1.004489166959961
18,2018,Ohio,San Diego State,1,MAC,MWC,0.6007674997157765,5.733216492257455,3.313782337857465,3.4947973155526126,4.687051585833988,4.0180589918899114,1.5335237335922822,4.920744183334341,6.166423537368655,4.302004843381208,2.9360982101098068,4.42298419468538,5.131126271789734,4.307463613792427,3.466152494054285,5.500800355145611,2.1955458942644217,5.155737963859575,2.911446465972529,4.660566400864254,0.8083165693029282,0.2848217155690888,1.051138530578485,5.847439787413371,5.253252752425701,5.195936731320086,4.9767347037261045,5.044067994506703,5.861334597205721,1.785096152049452,3.9370003552667394,4.187158008817681,3.0385914910056595,0.8759381570545746,4.470454729447247,5.226714731907805,4.025327249311455,4.917582185297925,3.454769692406249,0.9655307383315657,4.7968497888139705,4.712111066033987,6.036649538131337,1.73953226782159,1.2368278048927264,2.51045362116983,9.841598761206324,3.0041829109549663,2.7593513114785253,3.3320740924806156,4.1344312138054775,3.5070883537267843,0.6126136903279845,4.841235956149381,4.092422200391689,2.497000986371917,0.6735481796029873,4.244275561740504,3.811750161963744,3.172574856543931,2.8980937615327242,3.2153238602781546,0.7193163521662405,3.483083565219539,4.441290082168183,5.467576434084812,0.7965004431498155,0.11429330919620657,0.8845142750327539,2.147542005331094,3.8470667894239234,4.551836891001653,4.479241818361562,4.925952020763205,4.822352560928871,0.9405475766788356,4.225104773199395,2.7533455108226788,1.4247670004558108,0.6041125206980184,4.389898765053159,4.017385256918569,3.029837915743595,3.7552524149906326,2.312882543817757,0.9683654541469172,3.593816157566563,2.56685834895946,3.8620928666638035,-0.1781688007487987,0.5728316923367709,0.559571047544606
18,2018,Marshall,South Florida,1,CUSA,American,6.319726178313259,3.7779357741991317,4.3908053448495865,5.119555853798061,4.276434302314901,4.4841685565614515,1.1800707612875139,4.132205181162538,3.6693867866593832,2.7441328659216997,0.7794403373067313,4.685749687953362,4.229569177312407,3.200266107096533,3.8164514708111357,3.3338627515364596,0.8405626583517083,4.07453789253355,3.7342033811458917,5.198165489230963,1.1926257082110319,1.0906009213732382,2.0924261782502267,3.059534514151134,4.3311484435137295,5.234512859141773,5.445336913703955,4.728938468188628,5.24536505552087,0.8140947432983885,4.568587387274237,3.1911831489565095,1.6261369447663643,0.6352038659400232,5.024922067076858,4.440980187422616,2.8103193355248495,4.559255627317187,2.62045864519222,2.4426561727121205,4.545747752417515,3.9540725592755686,4.869443313023657,0.9709700869806437,0.905428130955111,1.7594213564827204,5.941493968773121,4.075693729980738,4.555988905727463,4.870317022035846,4.6289732033463995,4.497353872738682,0.7344704282476703,4.896205933378964,5.280309942930354,3.487796259975872,1.7585239341261316,4.974057529281757,4.899292048593781,3.648315619495691,4.0622386669840855,4.343542668488215,0.720566666788459,4.5972394292902345,4.780771649531019,6.237550319078308,0.7965146676739472,0.9119045451413497,1.6306616839182877,7.238426238181203,5.813081550414717,3.5830310012920297,4.029358729011745,4.4375814317889395,4.118620218329496,0.8039283751687992,6.213020595260732,7.5810977550139835,3.6275542116316526,2.289036893466856,5.235171254486586,5.57532685181007,3.7096579392473834,3.5934688499650345,6.084236636684598,1.7518306418667218,5.376863391810844,3.543334374601931,4.3119012309543265,0.7861784847499615,0.7380935156086215,1.6020685406999093
18,2018,Brigham Young,Western Michigan,1,Ind,MAC,7.987773306675647,3.51260467740767,4.317563801816509,4.470538698260087,4.900675329163324,3.9428502344223024,0.5886916423650748,4.360615379183754,3.6942108002239737,2.667321304361508,1.5011365600120519,4.543027322091411,3.937579255126319,3.0657841100820624,3.5294361766466857,3.3120004262961005,0.8419286457884108,3.936721264676235,3.246005049280267,4.24858086151777,0.8072689799613804,0.28551067382071527,0.9038327629617794,2.574112104044533,4.323120760209021,5.273972276763273,5.119567946707548,5.164356790852555,4.4696577745838875,0.5373309373623122,4.623068070638429,4.077746850659839,2.3922804678059357,1.2413090157089026,4.90148747214047,4.355708859567219,2.9075135995605863,4.236301646489486,3.7295801674198668,0.8336622317840623,4.6391680636413994,3.6160384954257276,4.350040985851898,0.7798039859742408,0.4089046572991065,1.0107309726051783,3.248328120326644,4.740525215626543,4.287354490129403,4.377456768042303,4.946272683023695,4.633354936700438,1.21894812443328,5.499360360399004,5.396627479826887,3.149204454601144,2.1226666490109714,5.0842529462037485,5.029657595090045,3.6749752215060045,4.106768271444696,4.496913889218841,2.199577758767101,4.9693691174803565,3.4966000781257547,4.906469960834094,0.7965288347685231,0.43405340322788705,1.184609855387147,8.342189490454977,6.314658718084723,3.6436450856621496,3.699067199581285,4.959415280717978,4.437745819766387,2.0469593491904337,4.828431481711616,5.359347554475601,3.1671956140920465,1.5694694656400472,4.349477116724179,4.838074358276509,3.902797609082833,3.873090955069375,4.20743952797278,0.8408103291530046,4.5027457086884715,3.867406441057519,4.772931314600795,0.7862339491847985,0.5738889783160036,1.3056431952367504
18,2018,Florida International,Toledo,1,CUSA,MAC,2.4938947796217255,4.961595778035424,4.723857706660092,4.584984034668436,5.320511354118019,5.000133037102281,1.776012362384597,4.3185589389465004,4.1141982744188494,3.1236901540141595,1.3831340317596679,4.567062996179592,4.7293560236066865,3.8563753554459628,4.353122415989846,3.2414083319247404,1.5223964575394886,4.452105125641055,2.597788794356777,3.8357509829008825,-0.1529708082624027,0.44720284064972377,0.45905715898285865,4.527873110501331,5.050068972203375,4.480210605405146,4.389266074828231,5.226155415763403,4.366409862262883,0.8164443863142831,5.383166648568006,6.433314692521471,3.6425052638368216,1.1217960807180496,4.993893463555059,5.295747344415574,3.676860342716343,3.953614714389446,5.855002334204473,1.9093900162288162,5.719202207126134,2.5204678478716436,3.8471058049558238,-0.1742205902334301,1.5690774532353018,1.6121727055744939,0.8085915746694176,6.049848042304967,3.821679012768255,4.437984274758357,4.473728674425703,4.323735309153146,2.066987523346018,5.358782662515554,6.029361954280484,3.7053785523043015,2.0049525286499406,5.030169914035135,5.117560745368394,3.7791052320075713,3.9276737421548322,4.553696871389682,2.60483157072177,5.031297519646029,4.867741132529682,6.700145220345362,0.21990889301327995,0.7534765142085876,1.036758706484326,7.092198047504775,5.843587745025014,5.460126657565068,5.422414206474529,5.109575360145762,5.596654956587659,1.220005555241816,4.95112892879799,5.580793696421621,3.2787649009956983,1.9330401381508469,5.217437784037377,5.622972197190745,3.7641087014590493,4.562647599909223,4.253046943954092,2.0167577708412248,5.19477762931996,4.876894506440235,6.599512193040429,0.593675236461675,0.9039496067324964,1.4559592733876514
18,2018,Army,Houston,1,Ind,American,5.263392337477401,4.281756061154871,0.5968383297688334,0.9352971136952928,4.175103558111739,1.4927804242199016,-0.24021018408558528,7.909031750119184,7.40903155033315,3.049950450923231,3.06915437408471,5.045149733682134,4.3018687464938745,3.0300600313772645,0.6769461123097841,7.6058760186895045,0.7087354323247126,4.633903375788192,2.5352181012901873,4.254716617572035,-0.15174347653202208,-0.19641539038735673,-0.13452209597847542,1.0776632206502406,3.6205580495070233,3.758234247109492,3.8931228832972202,5.09532291634794,4.353211764546129,0.8176579086298671,3.5179183290816227,3.5059418655850223,2.7986541820208246,0.2750537056263601,3.7625155572360307,4.0486194383363765,3.702178960944773,3.6041399702961066,2.5338664978607293,0.8362525256608377,3.782622056792262,3.2075237130908123,3.766414907130891,0.9711631646069026,-0.08766693116516282,0.862833937247633,0.11934804232338929,7.05236802522986,5.283251194675341,5.64783106958674,4.887549703393253,5.937252238666661,3.6430053810394445,5.343076597842862,6.291074494541094,3.909167600083459,1.886951074236303,5.588577330464151,6.178824740467837,4.273888779518293,4.966700349329772,5.18420873614752,1.7991225568903984,5.771117081763545,4.1673154612477115,5.0525180154970855,0.6050082917053524,0.5944833366939549,1.038019504699545,9.42766947368664,6.875828285747502,5.791403290753952,5.90751126367307,5.0682296857143685,6.496162277681106,1.083338696379426,6.253877265951698,6.573507662450912,3.004017732639035,2.538630316933153,6.141419908162263,6.56472068130189,3.7062915537495122,5.991570615625547,5.410106762755014,1.3658688334852116,6.329471263044928,4.552877249956891,5.931760406557228,0.5940180591452812,1.2338340412330675,1.6063365253132562
18,2018,Buffalo,Troy,1,MAC,Sun Belt,2.3730641740914686,5.146058158682057,3.9261132842721707,4.623969549313628,4.547550780313069,4.541635684731045,1.6595442556226843,5.343841606741563,5.027083088400335,3.154582494674889,2.2298598558223746,5.137161939373985,4.870515955242591,3.5163779559660884,3.558688754878798,4.327363900148089,3.293596787505494,4.897422327371772,2.696228973674103,3.704765490784384,-0.1505215424569266,0.770449308264256,0.7581354987371716,4.496423871585448,5.188176746186947,3.796494585105884,4.46396689611202,4.584034593606689,4.393601786225199,1.0971244999389902,5.453894356709563,5.517078046271422,2.9065362773834997,1.0029574746633247,5.071645658603231,4.9198375908467975,3.3032350591932564,3.1870476913306947,4.685635011283485,0.7031377052777779,4.602779524266098,4.661684795091993,7.2106737184246645,0.5895180894751189,1.071614321539184,1.614991537516486,5.449216961647946,4.553534827724716,4.366279789852094,4.184633517042166,5.564863542109694,4.111760778281642,1.3438293790575102,4.971378458894739,5.043096192081126,3.2057141885604934,1.0430070116641807,4.720277390089431,4.574828146419347,3.607770705773473,3.3859312679849904,3.6312281246208933,1.2627230631610467,4.153582220965509,4.357030729426966,5.255352857697731,1.1820029808039514,0.43554634996142993,1.4872025518908327,1.9451155180718425,4.201951543908125,4.349495503949624,4.492508184269174,5.124255030246889,4.871874624252025,1.0847290033635266,5.441556172230586,4.411314051833793,2.0441487329354353,0.6096624082837402,5.0518500611174275,4.720975837384782,3.1360405235663538,3.9974174520108523,3.8971892448430623,0.7140300756450425,4.507717165952173,3.4475381703768764,5.047989209262196,0.7870241826673565,1.5631456066483045,2.353151675179606
18,2018,Hawaii,Louisiana Tech,1,MWC,CUSA,3.6996280122771426,4.8073857360381345,5.925515833053463,6.382948175890938,5.028867599378721,6.775963723155491,2.968207742205873,3.705705970967464,2.877687428080075,2.448724571756481,0.06305587875457377,5.010945324259414,5.166095739832696,3.933936228410898,5.682828903408308,2.7158500152149387,1.3889625290608723,4.905608691051901,3.1601011759852042,4.226464778271229,0.6173502752362254,0.448897458557012,1.0564110714306434,11.381289982854732,7.775690265780214,4.726953305721744,4.56341168425796,5.584680045735684,5.638905139546083,1.9337609754728833,5.914302286411628,7.147059538510696,3.692552995798194,2.2165383455076957,5.37610812419626,6.335998004666145,4.261551589001171,4.842513432075554,5.1664909998057,0.5698833970539209,5.667410306918039,4.4066886820008415,6.4259780990135065,0.017855572430942518,-0.2519878613750809,-0.03667858418746511,9.891829259634797,3.6829183954874543,5.184209195607933,5.89638413978623,4.8011537208309605,5.009927851731246,0.7397314682079639,4.413678534903537,3.5727753972508425,2.3982518094589085,1.0445246813936988,5.2099115985646485,4.4910006249198196,3.1601351326432665,4.433253480305008,3.34341427115798,1.8032538164020104,4.678230231095545,2.3208144068740135,3.852534814773777,0.2202733448867442,0.5956363299876589,0.8908702810655132,3.6900179577648964,4.832591060209539,4.293426989586063,4.5912010877482645,5.088326602609214,4.447047692133182,0.6711963577744607,5.360576342036609,5.422981797181523,2.830737132085694,1.4561126321336137,5.049756196239325,4.873883677142103,3.3244241161253303,3.82952620158723,4.652294975197145,0.715257998368076,4.820838329937542,2.9298037872079856,4.783515121259394,0.7870763330934158,0.5739689954232187,1.3089415512600793
18,2018,Memphis,Wake Forest,1,American,ACC,0.4212405471323118,6.767273638653123,4.7139638006519355,4.8297698347262745,5.43954783257291,5.372854012668175,1.6638364629206954,5.644360264413629,7.58575313629231,4.901244375213255,3.31771303721122,5.4140942592557,6.5108007822928915,4.75830103336171,4.728329218626931,5.261565011995343,1.3908051157303591,5.7114960233481655,4.689718936415936,5.938923145357756,0.23425375943523444,0.4494792891636201,0.7603286359264175,10.30135678872175,7.154043157224263,5.516389398618979,5.714603061667558,5.335891639203577,6.273822284120013,1.5172602096510073,5.9978476126583296,6.008651404845726,2.83816751010535,1.8549999561502597,5.941904375732927,6.236112050017157,3.694757068213336,5.366666713166816,4.5732018013728775,1.7819100320478434,6.000048042228622,3.756997968230163,5.371494328094894,0.9718373629694179,0.2453887865438483,1.1658709455863845,4.027306045208039,5.123048028280688,4.7002421502719205,5.450883254047082,4.834844623781967,4.68710347379763,1.5893522525492785,6.610336514182548,6.363261318034788,3.0494438666760573,0.9249504407934864,6.20897365568067,5.475927528583341,3.3369425753620945,4.395298474259624,5.778684011653376,1.2659918871144649,5.735478990703359,2.098428324731208,3.9882263441436194,0.2209620333874489,0.9152060954758335,1.190994541633625,9.668627929623677,7.053624544083582,6.507639096999781,6.160056749529646,5.796399952147009,6.4535507078565475,1.9174655415203912,5.62189236398327,6.772008014678715,3.6255844015161096,2.0623573610786243,5.934242336975796,6.623563142343535,4.032055632083674,5.3941355516326235,4.589758694587563,1.1089423179776574,5.740895610785881,3.643959135718385,5.099906231127564,0.7871282791206317,-0.08416772256360919,0.8628074489564547
19,2018,Boise State,Boston College,1,MWC,ACC,2.1278073377617432,5.6009379906337555,6.300954331384237,5.969782607225043,5.982373732919168,6.471233438104885,2.0230749737934057,5.30349288141206,4.546568085474188,2.754189159343504,1.2706377001252287,5.726500344075697,5.740175026722921,3.847150728719543,5.678496613088497,4.32102936162277,0.7120347861738814,5.686255175310572,3.4429103513121677,5.197827933749212,0.04322801625620495,0.2890379747475008,0.4640408912731543,4.048220367261881,5.050788132694332,5.311602548963348,5.014908012174139,5.963104585634952,5.976127719443384,0.8218967596740537,4.935194290606742,4.407234766961091,2.3621848416579665,0.6427606936529915,5.056889672429587,5.3942049441931506,3.7196908220874807,4.644588916261859,3.456301984938897,0.8414352888754959,4.889831128760615,3.6305553247710916,4.444283806562137,1.733775007656133,0.08081748306890621,1.6178918209259947,4.401900830177723,5.131894874373538,4.0725294254560716,4.575754624508176,5.102478515180221,4.497483655848951,1.7126915961513833,6.573405863638194,5.652901007968978,2.6951574056633842,1.4109549123245,5.791168753660689,5.060107187745018,3.2780603246331346,3.5478966044850293,4.417876871069554,0.32324647604017326,4.522352030981029,3.8856670882370934,4.8401057738293485,0.7979409908646239,0.5964315532959176,1.3418240583173642,5.3382811849718435,5.524470398320158,5.628124313249458,6.043482114716836,5.247611848308157,6.006896762794301,0.9499183504592089,5.98050257330438,5.642871915508404,2.562883167402935,1.0970136557900514,6.074040563000871,5.905897635419841,3.3699565765451096,5.273238266861001,4.339542728354856,1.1105039388906923,5.611078002112371,3.1233076187318396,4.079873310773978,0.59450134724402,1.7275013709802605,2.2071607791953745
19,2018,California,Texas Christian,1,Pac-12,Big 12,10.025396605222598,3.555724359876157,5.2673700402350905,5.566164590725515,5.494695677090639,4.211496562070076,0.7154349582707458,5.163615006633737,4.471026119666702,2.8574102939414865,0.3068141593878734,5.476516292716732,4.43148121578139,2.9891078180751567,3.6878415905588566,3.85174320158292,2.0749654543943685,4.667115226878978,3.5426373925441252,5.173000089698229,1.0022610392274822,1.4168777803165093,2.2497140472688684,2.72130726966664,4.936481313607576,5.218501626003456,5.3101079091072165,5.693808986316461,4.879048524505091,0.5442307071591854,5.661257347179962,4.828393941552677,2.272482104197329,0.400856169669561,5.588821138711725,4.9213701287283,2.9611550494614596,4.058895616853207,3.9173476394530646,0.9775085558625787,4.907639344968774,3.9686293569056503,5.653405982154209,0.3977744433188498,1.5692377973742329,1.9197059155138614,10.41583672492486,3.9500578602915652,4.940632108389346,5.395875252400482,5.339610078991344,4.80274709713023,0.986290174536658,5.218601859471165,4.492394576702599,2.70616054432394,0.4428632183689683,5.436916658913672,4.7591705344238155,3.3779985153212735,4.008567915223935,3.8085913373869427,0.45927712853575414,4.534923321487601,2.4352584987430013,3.92342813066921,0.9900474241226298,0.7565336098049643,1.6423598441389553,4.493722262254813,5.332087482919621,4.722596056711989,5.195126083169459,5.280594349791881,4.999264346603611,0.9512165561910968,5.859143206002991,5.249651306424141,2.375060650864548,0.9774259243564215,5.619706298419063,5.141003448641694,3.128833448773675,4.108945017962704,4.511380599035586,0.7190917737635488,5.028490501971392,3.533901713964309,4.618863931980662,0.7875456992958988,0.24539246156031372,0.8640045322376676
19,2018,Georgia Tech,Minnesota,1,ACC,Big Ten,1.9980701090288584,5.810333985372727,0.7727020838463641,1.388350427066176,4.055624286266801,1.8072554655985298,-0.11755631830453134,8.227831218784988,9.56589132839224,4.1568894166976005,3.566550419670584,5.368760885108345,5.419355839489701,3.9773386568467557,0.8464407220076678,8.344597542037524,0.8505159422006499,5.265782522102019,2.0223248312988598,3.6515731210674787,1.1933053479902656,-0.19355730548196667,0.9109618014605119,9.774749676948407,6.98461346489197,5.676169110531122,5.166754628051436,6.4928515523642725,5.813918609694859,1.521545577074174,5.06878343915424,5.58762673922104,3.26059822617132,1.2521800908308978,5.202565952589288,5.795410748600855,4.025508566657285,5.0474907186258635,4.955799576823128,0.17022222114932986,5.840586171947442,2.3506875969592604,3.5380380299236043,1.1589374951351161,0.9071833562561447,1.9204212834877,8.035296032066121,4.666734856701515,3.903028330824181,4.685055856791951,5.022678864202947,4.637860077347964,0.9876375245178302,5.89837104055908,5.049507898897699,2.7172162486808666,1.292767137736661,5.483202903407717,4.896179346073159,3.4797583794343745,3.905699124136158,4.233037685126605,2.0792478407348094,5.024264549618965,2.0543462532257015,3.968189711707177,0.989584398229802,1.2357822762346349,2.0925355853670857,7.776807367182046,6.283737450750808,6.110753447104136,5.639790369054049,6.362101150766482,5.640348215912356,1.5068010035872226,4.955849908760783,6.489261829291492,3.966456186759538,1.099906523637185,5.359875085929459,6.025455440375458,4.107962891394629,4.591894575835458,3.8133077515200773,0.720318568000414,4.996507564229266,3.478992171664461,5.530849365718735,0.7875958015285885,0.7394622844564628,1.4624349076587444
19,2018,Baylor,Vanderbilt,1,Big 12,SEC,7.215660297720451,4.6522686486875,6.3246309933186184,6.654092379104235,5.71784102402262,6.530343417860599,1.193608425130756,5.485146214218178,4.752268858645627,2.7976696254133753,1.2745357025481987,6.123091124860251,5.838544442665487,3.6821338645679766,5.388954216437134,5.025335210254743,2.215215378244681,6.25242654288722,5.048945741642987,7.832543553138626,0.234779228744237,0.9336724567388752,1.2096454357291886,11.388434761164152,7.829362224264812,5.831550122296213,5.613384522631942,6.309800428474354,6.510409160895663,1.8021754937287475,5.360518146283109,6.708659119363894,3.866750022369535,1.375317619797233,5.580596070139771,6.679868835218913,4.407615232812146,5.001500139598669,4.706264597259,1.3840663755852136,6.006055094917213,4.0155888476118955,6.060595625971915,-0.36251612779393444,0.24670238963362742,0.11643366586319302,9.022819705258177,4.595624015218835,5.30879129386362,5.442813996529661,5.948466353560549,5.279918929621752,1.4752191817138303,5.096834528260301,4.942838661955806,3.193948812649492,0.9305025076781197,5.409550146618743,5.237110296126864,3.907531648101994,4.529318912481918,3.773829861494883,2.0811860671934315,5.192539114774964,3.4725812269720504,4.599513217984546,0.41310737746116116,0.11847910174739221,0.5955564762941404,5.316782865637986,5.7583296471157475,5.636491777980219,5.541833838718922,6.136038372415819,6.005609618659751,1.3696969873162994,6.03692817040903,7.354114251011877,3.591374096760475,0.7377645313406951,5.8888492886245025,6.592828280507566,4.051268907329404,5.039640384698021,5.99227237666908,0.8526238726126224,6.350755766516868,4.217346551742548,5.947708569739393,0.7876457070033924,0.9044334269015414,1.613146912394007
19,2018,Duke,Temple,1,ACC,American,8.11505040849298,4.52599926306134,5.759093250071545,6.5680573093869095,5.428006537775623,5.445276029463963,1.7910889279008364,5.413113476370797,4.930731972908165,2.9952312093336966,0.6719867397031839,6.0507492372177,5.2950680537332255,3.379334719897011,4.50857676962991,4.1062728638497745,0.8527890116364762,5.12337759233825,2.2895644629932588,3.6198347945763474,0.8097814768207516,0.2903696690698028,1.0620421796973305,9.98950671729754,7.099794716111215,5.242623834275264,5.716749771266916,5.758904201655949,5.528574375410253,0.8261472918456517,6.926729049996877,8.850786230650145,3.9873268896121012,1.7419857532019936,6.4808717239669935,7.007912829349627,3.9117680099232452,4.647274083201066,6.112665586371803,0.4419826479516251,6.38114848410891,3.4130687391550962,5.71858861058328,0.5884301133694483,-0.24815525186448836,0.26801494992457764,2.8567176712764906,6.100508921409598,5.0854400060555776,5.838531663444969,5.473495507639147,5.7473274840659805,1.1121190421153946,5.874884201187013,5.3249650967321625,3.0224616398058664,1.7818524070857675,6.026132084135622,5.680121499021655,3.7741419904080415,5.031445654796201,3.9777703765715233,0.7320735379585543,5.343396096090045,5.072825833894962,7.724188690427483,0.029564219155598745,1.7148929251344192,1.7945642225014846,5.195731677899087,5.787685354262575,5.02115865558797,5.831429376240223,5.37737307285888,4.347417399968216,1.0936976841559203,7.498204105540992,7.8504226319886925,2.9101758031494973,1.1026516082102769,6.811188539206807,5.781433733618052,2.8394590621196905,3.9311107015965585,6.363319343916492,3.34559236229536,6.552930388964537,4.254122389039195,5.69067362019849,1.3658482964917706,1.3982981603068811,2.361703032807317
19,2018,Miami (FL),Wisconsin,1,ACC,Big Ten,5.508245846460287,5.266770375536174,4.074208609574409,5.231599178313619,5.029094039412856,4.245045403791831,1.07773734680323,5.716489386144743,6.125496621937546,3.7546354420904606,1.6404473562060422,5.628612439474416,5.145457563904442,3.647978795190939,3.008553222591235,4.539285665427447,0.7176629812677703,4.543357832945584,3.7119774661374607,5.294799384661125,1.0011864430332829,0.6128088291387139,1.6589202191188548,2.0542905997922416,4.703067144832263,4.1523794409473265,4.7522278508883975,5.702176501626385,3.978714820783593,0.12887281242403567,6.38824548223856,5.264294051115367,2.119398090583138,0.2829193200532589,5.751747366708025,4.569458947571829,2.599356181315413,3.0432650491791726,4.007993674374532,0.9825150429907942,4.623456023441058,3.035629751643864,5.329504214238141,0.7786303570748243,1.4038811290517332,1.9221879519101615,8.019427571676301,5.085011553617079,3.824014208494958,4.317796801630602,5.764232391731433,3.813449131732293,0.9918530207524004,6.766844695849877,8.873756888048208,4.820390014412855,1.905852841671713,5.809453248967563,6.019121245282252,4.294138624640653,3.358499101875696,6.760120078745903,-0.07758296474395529,5.6150228133997215,3.8557161247955176,6.254307571009062,0.798351847215224,1.0752901136124784,1.7953996123335156,4.716104541528359,5.81654634158432,4.944343049278996,5.1738395840387215,6.1430924815166925,5.362249002212085,0.6785475723246727,5.941431567665045,6.686899900373025,3.2230946912656178,0.8614764823622268,5.6786186554631,5.918904853416938,3.8326087010991303,4.196702395487487,4.267605421186465,1.64027508570766,5.4023591769488615,1.868074182674518,3.692305009698165,0.7861850120359235,0.575395633908356,1.4643623371826777
19,2018,Auburn,Purdue,1,SEC,Big Ten,7.88257783965708,4.886437284645136,5.195523481536189,5.6356016943673435,6.02650909574643,5.1161359520709935,0.7211221330569811,5.896346535962331,5.198025010165523,2.9332410353470815,1.2796935653537946,5.927795819673888,5.2286912090035775,3.5066544670437207,3.862697123397605,4.708008646533486,1.2650714937395597,5.204585472655409,4.292282508730805,6.395164406623323,0.6178744263693209,-0.030378632658962595,0.6170419651006221,2.5359342016806687,5.182038997884201,5.6481722129065,6.164795467529736,6.0520046276469825,6.471751171863604,0.8282292452024368,6.282025552687229,5.977486523097974,2.6246072622522,-0.08138340328327592,6.357245575991057,6.355535274847177,3.5963546762660634,4.8576500160764535,4.04545949019147,2.1982939114138413,5.994417801827213,4.577377223857738,6.0372208027322065,0.3990031476734038,0.908160079820916,1.3216181655015724,5.766542698574937,5.669790693575253,7.348384572237886,7.285089721218457,6.6338133363928,7.428939452648869,1.9676079117040721,4.97237925849599,4.839793363980372,3.155482238603221,0.9350739640900527,6.235367551113917,6.493666024054519,4.33112004059718,5.449257516293182,3.7096733243387665,2.2195211682968696,5.84904988924959,4.045416701988675,7.306786470894978,0.22245014929416054,0.7565207834195384,1.0470161659331998,7.847465797472788,6.745110676195754,7.30169395279008,7.166160491103901,6.642442868083708,7.728685100445216,0.9574577785297096,6.34022841373357,7.2005349644713705,3.2377060976022887,1.3482317308304737,6.8446343947678665,7.571944350752825,4.127607690499911,6.539629146278788,4.907562014126843,1.6422978100352068,7.097910619850795,5.273723668651101,8.698615009547044,-0.17633666239204057,0.7404647010473111,0.7181233211938661
19,2018,Iowa State,Washington State,1,Big 12,Pac-12,9.287113215371768,4.685888546341034,5.354183256368378,5.346170737475494,6.714632510599053,5.86360598797404,1.1998762875407003,5.5551662429481485,3.971033665725929,2.193465981113767,0.7970205247864968,5.619029759208463,5.118992691320073,3.696351249160956,4.215553128045143,3.627823111438154,1.6766978248970648,4.954254577828954,2.4175067476838046,4.146535051572679,0.8095596010427043,0.2922639222867397,0.9161524884462438,5.4017384453812065,6.134632421511207,6.6304260776179476,6.45317342343252,6.963403266231625,6.86120824930875,1.5279301688652231,6.399015963734056,5.281203513951208,2.1340368322250387,0.04141926184575948,6.558204040162369,6.30494000825138,3.438412928980969,5.5496349229873605,4.349779302320091,0.039901926463152056,6.031112871518851,4.0550586466754215,6.807180278739276,0.39953867547007427,0.41338985744009904,0.8717381464549978,1.8190698091757136,7.034400820002955,11.061151478887997,10.181441219521403,7.325425177812734,9.261774819643065,2.9452732415404226,3.4353303466816816,2.8202619283351162,2.5053019756624675,1.301667613418106,6.7676910429559785,6.746146365139981,4.118134681394579,8.516928803742406,1.97158461814588,1.545662088241123,6.740778490671966,4.4015093085794295,7.605771312462574,-0.16079377298922815,0.5974918002283338,0.5984948315772454,4.51330197226256,5.8075497530534355,5.511202749284279,5.786905998833618,6.444988448926351,5.943169246573996,0.9587512614461514,5.887526282727876,6.187366773439846,2.8478636479555584,0.9855572686127582,5.97244015827295,6.082409085146294,3.707083731115735,4.402536608407477,4.16739468373489,2.6949587571839904,5.893768432826212,4.681891202286595,7.05365890786418,0.7868349299099417,0.5764414597336897,1.4671057639368648
19,2018,Syracuse,West Virginia,1,ACC,Big 12,1.2537424439988796,7.436700526724051,6.274662271763687,7.2015149149157445,6.058773864428594,6.710231818857293,1.3209766002567578,7.448115547500321,6.919910379237419,3.2381629012779127,2.615911047909027,7.512355202578609,6.902413898632589,3.8058262607192526,4.740906641182029,5.498592128675625,2.0889253110677815,6.415984055867784,4.506650354763595,6.421147793966384,0.23529054592962714,0.6146584400265123,0.917322610542382,11.326323082394877,7.895047441782389,6.671755454277942,7.244901013465768,6.45732137752929,8.178331956448384,1.3896407536850228,6.751398285111183,7.282753394989282,3.1434763235556997,1.1372008562344609,7.1429874293202005,7.920124742943591,4.09281030651533,5.642738500083267,4.5301159006599026,1.3905736184401236,6.60571231023792,5.312150877470482,7.163054739469842,1.349546324481998,1.5694419876193006,2.678688722051355,0.9790035069057986,8.074248054763464,7.847853413405837,7.614720568973351,7.188390990018658,9.265537604955151,3.4355718084554607,5.859166025518637,5.719313928558779,3.276840025904041,1.4253102912490063,6.819679628805833,7.849796568867165,4.991743317306098,7.164624728787836,4.166914351757762,1.1418202072865362,6.915775880282031,4.849149079600554,8.143435370115979,0.41595565169959525,0.5980193942846623,1.1994225046487907,7.186753318558507,6.887716775763747,6.560455052238869,6.40118037580327,7.166788872036426,7.4691508675387475,1.6551901411658438,6.522211260334265,7.0251069705651155,2.96064994634962,0.6222897879138092,6.610589242738873,7.352963644121756,4.184798085786851,5.700425005494395,5.425494220439274,0.9883070745415335,6.918989600559154,4.314808726206,6.946575677837322,0.7868877463556646,1.2352167474585751,1.9173624311318944
19,2018,Alabama,Oklahoma,1,SEC,Big 12,0.007956999679905605,9.130089574391079,6.001685019048258,5.867226902311545,7.365103873857533,8.661939910678544,3.3555832818294795,6.3212172148197565,6.87223701478327,3.917072531187711,2.0126819573723655,6.301978389236089,7.998937602292385,5.610688691764089,6.205412312575013,5.124670247746966,1.132864568507588,6.893818683745023,3.419783490719735,5.813244919544724,0.23594411943742172,0.13245133857854202,0.47102810809504353,0.39036265122156355,4.12530908390535,5.381472070975057,6.407833466445635,6.182831444827395,5.752701495829319,0.8315879030483517,6.398299588201672,5.378567516534687,2.2510718425950977,-0.20023433107976177,6.569753039817371,5.690562551703389,2.936395965097742,4.250242405381029,3.0872788533758224,1.5274466003277185,5.207672053710628,4.302724890664684,6.57574687800134,0.20936060693620295,1.0732455186312742,1.3227572375363468,-0.14814720150165311,9.941393522909143,6.36359840926218,5.890606093797065,7.83241797138645,8.888213550205078,3.0707389765913744,6.413318673669985,9.279964742894727,5.302640598752889,2.7685740583201532,6.365933982302687,9.126409553221656,6.402469270915046,6.550241322969972,6.121093666589696,1.0080580134393406,7.630271773750213,3.9931426666721777,7.824495305272881,0.2246064979222627,0.11996244160581936,0.4504838924114497,12.201987864388782,8.801961923107763,7.387104350929289,7.182130007382398,7.425763212267499,8.914078428976884,1.517597106711378,7.1820995883105425,7.542831949069808,2.8709563539507834,2.08217783406193,7.3367481553013265,8.448976663074507,4.307338063101339,6.830210993789437,5.507937212391971,1.7785431008333168,7.946534652526428,4.018840744555205,7.012299253762983,0.017419883727400595,0.08329996476780557,0.12176951567808318
19,2018,Arkansas State,Nevada,1,Sun Belt,MWC,5.377915364253869,6.287025542439739,7.378360320318253,7.500110873759148,7.307699179621874,7.886154134336468,1.9222633399713414,6.587511449696723,6.403683323714576,3.464360961899964,0.8010896110035949,7.208099791002774,7.349810331631828,4.309231032687891,5.7921270777772556,4.786042658647248,1.1344582536551837,6.5844764221537915,5.388835807871448,8.661952801458282,0.23659626280035004,0.29408203323996496,0.6212535756269927,10.103777435396477,7.870692575194277,5.019133189046359,5.390968953256778,7.094310115338588,5.802981524974405,1.5325104242953251,7.682634223862617,9.481374290852932,3.8731686256045084,1.26059027015813,6.823494686503315,7.443025857848757,4.049688062828501,3.51026892306275,5.426928043548573,1.6645298146852956,6.1632837162142184,4.1734475230813795,7.359815643912778,0.5894665877837071,0.5784751662125526,1.1736756558210901,5.497861014898233,6.8018466291658095,7.797670792516831,8.404908770277924,6.9883542896460895,8.251551254253298,1.607428200330356,5.69045432472983,6.044616430129997,3.5142770387232383,1.429017234826358,7.10853418984355,7.376913182791552,4.258208057438739,6.147238476873101,3.9926559999395845,0.7386914353640525,6.323038486512283,3.8578847852117817,7.583276269028924,0.9926729403693376,1.3967699412556513,2.25214107763905,10.725082652312643,7.964567193627073,6.798726299995108,7.037766400587202,7.281117659680464,7.832907375378329,2.215200649531056,7.37800447856345,6.742804857256167,2.371410740377592,0.5027615504670168,7.392351531376564,7.47234966747036,3.6037005175156778,5.576567489442707,3.991789581009469,1.385880909360389,6.475762060911306,4.469438661467513,7.294624827460991,0.9799463918896005,0.4131569970759736,1.319964637608909
19,2018,Clemson,Notre Dame,1,ACC,Ind,0.39678694214265087,9.385241668525195,7.072408136873229,7.327124830864034,7.5097380406306105,7.869272917054111,2.044550486766949,6.804458964080642,9.487648359317976,5.396534872992225,3.353627944622845,7.262379575812037,8.73773810268915,5.294410556530729,5.847263956300854,5.748936861986106,0.5879069792237185,7.092819692745707,2.9097907576884925,5.234347413757711,0.42865066471134494,0.29472864305721197,0.7715340047869965,0.052752965108458214,3.9847444015941793,5.377235140501483,6.367456298956595,6.707031677925327,6.216808066746339,0.13364922344572397,7.68376982708586,4.913662617773576,1.4593925402141616,-0.07672134324729142,7.281407516866847,5.780408137157136,2.695015621066941,3.9978796499774116,3.1543722448884077,0.9901682355817404,5.086635291904463,4.375359117752166,6.629764557676913,0.7795418161130814,0.4140622168877064,1.1750063121605563,4.606923311287938,7.3620233451979695,7.276690288667938,7.2929852687527905,7.864455562771384,8.044161768963493,1.4871983629368006,7.480725247853995,7.536481906673145,3.3384954779606963,1.919611248951194,7.630255710701918,7.895137369235981,4.292373194249299,6.277270518434354,5.320574259344082,1.1463089708408871,7.311770609086221,3.134227030309367,6.200232496338059,-0.15859997460154826,0.9177844149994125,0.9014023424538846,1.106214473684752,4.906024617107395,7.304839057431421,8.055442751011137,7.090730763670369,6.625784589269288,-0.15133907414724845,7.175007979649801,6.869789999002546,2.5842241640960486,0.7471693374981127,7.798547111914383,6.787876877469522,2.9774644802284636,5.733726188673527,4.097820889313194,1.387679490040008,6.689110649651067,3.070914614337621,5.3184515911522405,0.5949901601510196,0.90734927578447655,1.4710133463183008
19,2018,Florida,Michigan,1,SEC,Big Ten,3.834202352810146,7.475900040729742,5.618489552497485,6.350620608439902,7.216767594702395,6.584917673966153,1.9272665831083262,7.407793974378544,8.080493515857576,3.8991276434417315,1.1679397699938747,7.20633040389811,7.382160034662979,4.3055856020968,4.8193529348387365,6.035609271736225,0.863224263883472,6.834581066303344,5.15065747915235,8.346326132213157,0.6205491037505495,0.13448282756599703,0.772651917854145,3.649656470472671,6.271707949264619,5.478143470536425,6.447659130161444,7.000654140477536,6.005053030793832,0.8346965905480316,7.888656914672602,8.505529823368647,3.2909581243204142,0.5326468924970799,7.437767341418704,7.132134167649814,3.53942767453035,3.9025921733222906,4.844967995790934,1.9390845293963244,6.304014368112713,4.751545490969579,7.305353847130971,0.9693550446062803,0.9097577172263229,1.7787245680729005,2.487046848236805,8.348998794072887,5.893071238357768,6.032899862202269,8.06454106365852,6.712445664947668,1.4890560343624641,8.10420217590701,8.82866615100143,3.7440745440322645,1.7998871080375918,7.452520855736094,7.710618016054826,4.326842150472138,4.660542218502434,5.9640856732831145,1.2834210434079039,6.854989677963066,4.829645237532614,9.524132232737282,-0.15735332536542448,0.280163244509579,0.15218472749122708,1.5732226158406484,5.0820040151686605,4.257279274396803,5.66649556187014,6.331576127497785,4.758487723400133,0.40668558098255636,6.997304897259525,6.530679257582498,2.4906913857324753,0.5048220194073088,6.5840722211368705,5.51775313067204,2.8987889013264443,3.149161953170919,3.781999636791822,2.8391374624470758,5.52763931432249,3.937237170990421,7.843385622599047,0.2107282911799074,0.7431568053533749,1.0229241938493163
19,2018,South Carolina,Virginia,1,SEC,ACC,4.646918293576364,7.312035038805823,7.375318431505235,7.852977042196775,7.923577315162794,8.713361341441269,2.4098574375188324,6.650901052608147,6.551173023772016,3.339539314103362,0.6829404812944542,7.469941272727865,7.9244497683763235,4.516012957499914,6.329134997830527,4.473750585989302,1.2759647452943232,7.044317123437829,4.291516653899207,7.2570842752943285,0.42936698469940837,0.9395871050661458,1.3710286015911546,12.277324161694368,8.766750233219236,7.498035800023793,7.620322942396999,8.372767065354532,8.269272360172344,0.13570583005820305,9.31128246772246,10.722529864124743,3.5095603442866166,1.993705007628385,8.79528647347257,9.387736084942771,4.11832532074702,6.748613777219347,7.228113573160222,1.9411098721647744,9.460748731402932,4.712228244944319,8.498232571260694,0.5896142108555615,0.08489916090951372,0.7250688504005851,10.122232870106432,6.680162379067394,6.222464789362778,6.540626624000474,8.258152945424177,6.89346851727883,1.4909110480007361,7.307390888720185,7.373002955250063,3.2751642474077163,0.9454802843805069,7.234180768379901,7.173040628611851,4.097263970689944,4.71925332351823,5.632176524624957,0.7425063951564324,6.680637366123956,2.929145125035202,6.159710152576061,0.8015826263703352,0.5997960956880724,1.203518296517273,4.524762714371065,6.533260541127022,5.301292299013901,6.352455723445869,7.195659207457725,6.298019251622725,0.4077524637847005,7.433592640134711,8.640584301227639,3.426826728195282,0.7493486986108576,7.1627598490287845,7.285574255823457,3.8455795586559756,4.4555276155473695,4.383427135565046,0.33537796123319635,5.952454979061439,3.709386287939272,7.500501339700178,-0.17314323152104305,1.4019357056385011,1.3239642310087478
20,2018,Cincinnati,Virginia Tech,1,American,ACC,3.1546241835785374,8.14231952723674,6.2437013548004385,6.852363957979352,8.124833739315564,7.258218696573007,1.3314182723527677,9.279298550481544,9.91905689429024,3.842933107295704,2.5096657955684214,8.546498581895426,8.611988380301902,4.288592726104109,5.170134704563114,6.913117341098917,0.45429912583104975,7.657212673670629,5.503467914916891,10.124394063245429,1.3871757375229543,0.13536927442944416,1.3722020218831283,1.1401633990639377,5.212731748389478,5.572615659208372,7.536242561260671,6.726012640500343,7.041423678010064,0.9767565189604135,7.362077849812174,5.856359828450147,1.989946078369874,-0.07431574789831827,7.763213860957245,6.688242445997446,3.117088358293818,4.370422159877995,2.284587780391409,2.2142623097322764,5.527884301950096,3.981961712215183,7.468881052340551,0.40023858038041665,0.7457747966619657,1.1783710280035207,8.984796636973565,7.2157761533231755,7.18692765366868,8.281778520236264,7.916265769206163,8.669741769378586,1.9828312149869498,7.936894379067936,7.652885350856552,3.093917411140216,0.8243968714973146,8.42508333584241,8.3216179316246,4.127514544068858,5.976506233096043,5.404339483930798,0.6080563758345787,7.4141658141989994,3.5390729952258146,7.972398899538256,0.03542269395225668,0.6003191736834054,0.7544623023235599,13.079020937263975,9.683230848728122,6.729744220259848,7.052897417090852,8.485872707707852,8.326280896800728,0.9653450615470597,8.548445458619366,12.027819311690171,4.270392330633543,2.0903314674562266,8.11808157929161,9.837527488680436,4.809139640005782,5.155226027605218,5.58031855308268,1.2591474660466695,7.456743979412221,4.07871789910671,5.979701230081219,1.1732034117621752,0.0851075033255916,1.1753288752932027
20,2018,Michigan State,Oregon,1,Big Ten,Pac-12,15.904108150675398,4.6462331022273435,7.070524089082171,9.576241478800645,6.955370338468541,7.561029470418756,0.37125171614076924,7.205348014077795,5.367604362771321,2.297135448152879,0.5634755809355,8.671204508458697,6.755463717280207,3.0726805223795948,6.026146473315399,3.5426595700297114,1.8277532092859088,6.78861327237669,4.125249624215259,8.459945077883026,0.6198596515833913,1.101336291174848,1.6723194578457206,2.6293207429349224,6.0019891368322,8.6867118642097,9.39944633789574,8.665320136866326,8.952763694115928,0.5578659584592325,7.089131403721732,4.752468237320148,1.5851168078440618,0.04850224268834024,8.579915019263305,7.425400512288319,3.1325909232818745,6.558008629550978,2.221429269569752,0.9951523357143908,6.537995686030399,3.6646212910905747,7.76037412255772,0.7802596389649443,1.2413638165138476,1.7828852987921862,2.5241610201912366,9.432366034939028,7.294087692703432,8.337591310947127,8.45790911528843,9.062100414599856,1.9851250687336561,8.79031171700216,9.052961704838246,3.4033453505130686,1.9283582408438666,8.988045305095545,9.162662482755195,4.336653377982777,5.909174115588742,5.553223627545909,1.2878536249986021,7.7889709386305155,3.0479681401578405,7.374936128539486,0.8022531104329141,0.4412994235560249,1.0559234345885773,10.896190289932468,8.978830146259739,7.502630269826294,8.428756123705448,8.354681136290758,9.400496727801256,1.8018564726111352,8.760855906523926,9.367297141654129,2.733604327643546,0.5078411873576522,8.956542081580356,9.465762689974685,3.903036554263269,6.74343393323775,4.641888978832575,1.5246350694343616,8.17605455198656,3.8495005337060597,6.52309513144708,0.2119063011215227,1.4018323059937057,1.6268158580672283
20,2018,Missouri,Oklahoma State,1,SEC,Big 12,2.6120821014372315,9.153316378506453,8.148396366283528,9.17219111153222,8.862283247374283,9.704465351264382,1.6948587430249287,9.196439075482372,8.959055754410285,3.3850147298188467,1.7831314128828646,9.664481775779944,9.581108887762959,4.343289645844815,6.632599531558473,5.642949269292654,2.1043713947848275,8.519820437796678,4.927452863790422,9.703864250640287,0.23760200219668068,0.4578498182856515,0.7760268631305036,9.043957827035058,8.53814374258965,7.566730192010567,8.924303137847888,8.56259497056449,10.55426152861284,1.399435595186938,8.27867668173918,7.396790842576873,2.513988706788514,0.17118478083480673,9.027914044181111,9.419312461519317,4.092805527470404,6.201669988208374,3.5353042065783025,1.4038369770946428,7.28535296596546,4.734893811737321,8.951190975650672,0.21108312254542416,0.41605010403647513,0.727811094992751,2.037545549129139,10.345344574264791,8.917339252174212,10.253338275526573,8.916021319988065,11.591343460446964,2.1101477267290973,8.959129555342619,9.573313517216937,3.6177725735249076,2.053533305903573,10.038547817871345,10.858342497787001,4.640464122246838,7.9435408544841435,5.907938265141036,1.42534663200452,9.443789742886244,4.782371774663715,11.811663361358436,0.8022439107778015,0.7610136343797756,1.507877956528389,18.586811438549166,11.460204181077602,8.495259972305956,8.890731027513723,9.53088178703263,10.451460202474005,1.8032876420114528,9.759813695578185,12.271559185976198,3.474145404006773,1.728189457347883,9.765837182195304,11.227167079190362,4.403988289905061,7.03102372792972,5.1357949352686125,2.7146662759240274,9.210689245863938,4.312598198619166,7.9482292498503355,0.40464196742896597,-0.07870187048946789,0.42693223689234727
20,2018,North Carolina State,Texas A&M,1,ACC,SEC,3.428175778473977,9.322422590137773,10.519939385240695,10.968901415027148,10.190891759904204,12.544224193992566,1.57669740887927,8.47488197841473,6.864279459515825,2.710806872214816,1.9075677550415755,10.163259102070322,10.28167059644647,4.46755180690431,8.469928135192198,4.288222908989713,2.1061659463212155,9.1510436709519,2.9894316500012983,7.672822003130288,0.4295100290350305,0.6193068909807282,0.9267304403511846,7.982246180517565,8.272495521443911,9.084207227752593,10.119731506981056,9.646469010584367,12.10888318794749,0.9803739859809483,7.808623961957295,6.8001694709220235,2.419520292843409,0.5370826241013407,9.434994737371209,10.061512590585231,4.215521045734623,6.747475637388592,3.633808387118241,0.9981051191514592,7.7506709670584994,4.866441428114334,8.598376582774952,0.7810123579022115,0.5817384546576571,1.1817096562153562,4.553540823770652,9.993460476744657,8.403471134052362,10.193225782910405,9.155236201262865,10.888769201035888,1.6211035982549822,9.824570081073457,10.820853949283487,3.735607534106017,1.442325417546186,10.614434371789693,11.01482555611897,4.407544667486825,7.173432026893423,6.823019896568785,2.5145464041471173,10.187811829192173,4.133694229518093,8.988109254956848,0.6107524244202225,0.4422596918482452,0.9077556283888514,14.485056749311424,9.997464490701933,7.754456030306058,8.3140150853978,9.979272570945511,11.491009204014652,1.9440813386438087,7.359041932575455,6.945117665903753,2.127617092473582,0.6319264007748548,8.3047017687139,9.948548968026966,4.436197296778011,5.822130334934113,3.3340824453679088,1.1310688703248541,7.141855669072631,4.962762529098628,9.635039291322444,-0.1709767004927636,-0.0776448895018177,0.1277858175315453
20,2018,Northwestern,Utah,1,Big Ten,Pac-12,17.023400772036208,6.4231327914065375,9.713475357449736,11.722734606056587,9.643847196447066,10.241430726876139,0.6150987735340313,8.767983661934332,5.767461088184862,2.0284273424749597,1.2996443378033893,10.791419454671269,8.356824539615019,3.229566768270834,6.580045125678968,3.6012161523255193,2.3830035247411905,7.9156424528522225,1.355937147923466,4.344443391028666,-0.3351452219093048,1.263475310278055,1.077548154954389,9.035331993770688,8.958275270177701,10.363961923637758,10.700218882052207,11.257886353591728,12.814240123042907,1.1218961081600862,9.077297042022348,8.574156748634111,2.840899121294977,0.5380629015081365,10.501559892741815,11.109152544495345,4.1490376316645525,7.256356250044125,4.616291138922608,0.1840114926936636,8.59889346134566,5.356083737262672,12.352308989899077,0.5913372639876385,0.5823143865098787,1.1830262088699177,11.229943798997116,8.74079489433116,7.441639993965265,8.639189349904344,10.376935605917991,9.34117171914904,0.7624143352081286,10.223558463377202,10.926843942310647,3.4549614457735265,1.3214032812824152,10.285461915167204,10.211485721520733,4.167742673793183,4.864960854451257,6.147769230611001,1.019848531284092,8.209553515612024,3.4664397258855235,9.27594723781849,0.8025495831220745,0.6024604636763484,1.2097203316852134,4.6237512645901155,7.283437687452878,8.270012049227264,9.564748951957553,10.056490463166838,10.232185135343181,0.6903930293412452,9.119730107548435,8.056995740310569,1.9239026754009267,0.38884013740907747,9.930912676044933,9.497358500756365,3.3103609665524765,5.430148516913299,3.4310239492851595,1.6612342054566476,7.269506881609254,3.0584688294422344,7.806275317473799,0.21413687832743905,1.0733111023323139,1.1794210183079117
20,2018,Pitt,Stanford,1,ACC,Pac-12,17.173612358582087,7.463499269059111,5.6321795185957075,7.197571794734959,10.213058532857128,6.4967138118272665,0.254708236888794,10.254215946376084,11.675446418982146,4.414570510253585,1.790265849691139,9.756295488983186,9.1488632412241,4.25215389174409,2.5696522226503946,6.438975796922761,0.5956412792822843,6.691369208938482,5.267922777331516,12.420891527152389,0.8129569962594136,0.13687737614645742,0.7792635036790072,19.207844495892058,11.681256036884614,8.12839648169957,9.788707881727884,10.771844835608878,12.149456420315998,1.5442310685302942,10.437754976572212,12.663015087244444,3.992174063977335,1.2691820083223624,10.974276675648854,12.502443569042043,4.562011096614979,5.8538797103078215,5.853777609050848,1.9515713563751869,9.373273878115198,3.351094890295243,7.852454072254133,0.5916816278684238,0.4177920048179661,1.0332548571181792,10.974542224820635,9.486415977895756,10.072981760286075,11.136121285449459,11.874673265249147,13.819970788766872,2.116510625144511,7.717100312530176,6.728447337523647,2.567439506365866,0.5853844175752205,10.127934016519783,10.962331560347328,4.657465164871181,7.250380060106117,2.5359707271906022,2.7900734997715064,8.323692225315682,3.7503578800202564,8.661788799220332,-0.15497909256606915,0.7626196721914633,0.9100224114015293,12.237008314038974,9.872072644665657,10.249720788916434,11.010484760489918,11.736700970981678,14.238408463556418,0.6915274014784448,10.259002156583765,11.617217308836079,2.8763183038621185,0.7560389022245122,11.410776699839854,13.343748070772632,4.296994307206219,7.852710281455289,4.815075549936657,0.4728247582431311,9.533607948927385,4.50002282731946,11.473694962283634,0.21483835418110483,0.7448688505821818,1.0305923147518705
21,2018,UCF,LSU,1,American,SEC,1.1828457470438993,13.16870999994484,7.932785983928634,10.333710158709003,10.80706161312448,12.778286961733203,1.9422271011178482,12.749463573558522,15.604565283575878,4.741372113540999,3.1382661008336585,12.849032964812015,14.311121907112602,5.388053012853986,6.619748026750036,8.684943528820703,2.1106586906148084,11.429430792053386,5.1484513291380765,12.328001286220656,0.23971766716226373,0.1376180102846944,0.4807874022922182,7.911579530065822,9.209279649664287,8.4907676811066,10.91942803802457,11.290763813900654,12.197293757750563,0.42233581611206905,14.311061009891414,17.720741698778184,3.9082672615028433,0.9054117896319697,13.980282341304001,14.847963076561026,4.0141460916588745,5.642573127384462,8.282157783392028,1.2736302108497135,10.99554675641856,5.622483929389399,13.951057224160095,1.3512216843290186,1.0789053798928223,2.2438777192893316,8.920765634063573,10.836231632764285,7.995485983813683,10.421798863389832,11.50561147311181,11.891299495910884,0.5184686848296868,11.838825657230766,11.302403832814505,2.9794486968096474,2.0624204900814136,12.422406537398157,11.761632657157403,3.8612394098760037,5.733543807485491,6.00345372985591,2.3820273698648133,9.615049059816569,4.039779917225544,11.760599546848336,0.4203802640874444,-0.19497875815438367,0.30904054717616136,6.862765289019508,9.103675034120538,8.278864131491208,11.377081489434849,10.4249702414501,12.459500566239841,0.9717176742869637,11.029761829823675,12.653771735033287,2.781583040873043,0.5129357971227827,12.26138530856558,12.666699423634412,3.5458004809968875,5.8101539857358,5.327944677901553,1.9289278183979117,9.334107002713687,5.615061383067954,13.362487057638438,0.4074311571438002,1.402611785630388,1.7829973442699976
21,2018,Georgia,Texas,1,SEC,Big 12,2.978336228859975,13.080568536514098,7.872741434734238,9.009502857728853,13.756018840415049,12.15391225892385,2.0652477761994192,12.460381975397064,17.14739390538345,4.9735332655956155,1.9167837133413452,12.335009965038386,14.656019850957854,5.6273575677245375,5.8168239165708915,7.926815276895836,1.0107099714859304,10.618900587635279,3.9601599242317507,10.902400975041665,0.2403605037386741,-0.022497590136400007,0.3320315451427129,5.096372667443053,8.311224324035104,9.393803927834956,11.313074592318197,13.586057038025816,12.490735351645718,0.4233942216127335,11.11277846200023,13.002098243920738,3.090262630345147,0.6629584457674395,12.752323510657757,12.824222881148373,3.6494022599214357,5.494100108614164,4.256053093776132,1.0031622965331959,8.508476776331822,3.1348570109421448,8.228869579927064,0.5908270177544499,0.25338385123307156,0.8831085559135925,10.051562196135643,11.488672869241677,11.172094006545823,13.201548291325999,14.244462909794782,16.265802267474623,1.8738232336515477,12.148132889162223,10.749022681737726,2.688242077960201,1.0800795529634974,14.343065598672098,13.914972460300172,4.072264696413886,7.624064696918945,5.676497433545982,1.7027187320964279,10.942663318478415,5.5799041085243015,16.25170311994537,0.03807759911215344,0.12531070515918855,0.15962554118270628,19.09025253379574,12.166734148493061,10.679850267515016,12.59867404064499,13.626071875229819,17.94522316283193,1.5314042672385006,11.535595202443488,13.871577147229782,2.8976400635843045,0.8803514652326916,13.50772721919206,16.542900804657066,4.349741252793699,7.309225317870562,4.779027520304673,1.5338231602926435,10.286088073621565,4.950782585647549,15.72511140515202,0.21604000361507728,0.5806288287680991,1.0324971240065663
21,2018,Iowa,Mississippi State,1,Big Ten,SEC,11.756224917172721,11.660717193035312,8.88624694129605,12.159172207583664,13.416236021614562,13.563507815019,1.5849816952983096,13.059555376975155,13.953433227157971,3.087663249928393,1.0615461796125711,14.70177005557873,14.03151837474035,3.9960061578104926,6.602015819863149,5.032352546786054,1.4255608012849805,9.775255370418542,3.541842664269412,10.940417799399262,0.2410019405386965,0.6216032667971624,0.9322710891297249,3.412368402244221,8.090360645182335,9.673966882655758,12.430256268751611,14.994411409278689,14.49390116018129,1.1265675340410666,12.262931353255487,11.688111619756429,2.157329682582372,0.054666988296302434,14.569182854108204,13.519725555042578,3.277815721408027,5.023160229004371,4.841379693632078,0.7323025310025524,8.678187765774227,4.157043849146945,12.9944103812607,0.2118971568202933,1.7401964560268754,1.9427949354823657,14.622848567466567,11.566665390150714,6.418505411163711,10.195868698395628,13.14951400139272,13.279681948412305,1.3830586538698502,13.295851634651601,17.475048139065695,4.726158857708413,1.6975700519662025,14.261243894039811,15.540871280782321,4.756397660692074,3.9983244638694173,7.655562970557325,0.7509119622653884,9.85824420875901,4.563363865321348,15.99809509495597,-0.3437246687717755,0.4451739750991438,0.1608094371592871,-0.15823908960090657,5.641309433882747,8.597087369984314,11.983226237871966,13.797798609994304,14.49424469486972,-0.4228027008792298,12.24170593080001,12.331826169448643,2.058446384777657,-0.09597215686148144,14.133098208284563,13.798371346160323,2.8988469642044863,4.753116995074806,4.753013065102478,1.4032107907333697,8.691341558309082,3.622275668019122,10.64728134477604,0.21673731501249466,0.9097895066955174,1.1841380696340513
21,2018,Kentucky,Penn State,1,SEC,Big Ten,23.0964907790423,10.635244820336741,7.648045188998467,9.77264952208809,17.16777646062837,11.22260895569753,0.620553904956828,15.358477530698673,20.400440409748388,3.9118987923980426,1.676173649015274,15.703124259373412,15.411413404687138,4.210976213873281,4.4269339582887115,7.074822158311602,1.427345144696044,10.051217069696646,4.5491091343214505,15.020167999620815,0.623760368119394,0.6220855879283678,1.233149506903412,2.370226311876914,7.817204591490796,9.296875779104184,12.556844630371415,17.636303398899592,16.496623094864454,0.42538103242721803,14.396533004984768,18.13138714380271,3.216355980609612,0.29931388882060306,16.91314017425879,17.442545660127397,3.8848576813788447,5.003614078790717,4.973393101281229,1.4146001672198463,9.271182625681716,6.3969442903355604,19.351237355745162,0.7814841976486334,0.4183082052745379,1.1871176627712938,7.82489673849685,15.051884950565528,8.43364683231238,12.98458741870476,15.689001724481406,18.63583363313518,1.138118619986229,15.183579930272758,20.695091791506584,4.143694161653054,2.562972634883939,17.878463877164602,19.825915196144592,4.700196185294334,5.462877487693815,6.657389479083694,2.115047190395187,11.184013588069847,3.2426771647440247,15.309395566033905,1.1869962429988885,0.28618432479245354,1.3651794736646112,8.443762147768963,10.1129983552528,9.6481810347414,14.361230432488565,15.540018199624788,19.334017775551718,0.6951939366583226,16.822808809808436,22.201688484955756,3.022744766734226,0.6379292501179424,19.144988645910438,21.022834568653145,3.4068253519335445,5.9531371427150885,6.383120920071429,1.4049849353597081,11.112811489586255,6.037842065281354,20.71958506868527,0.4093314607696736,1.0744466536405155,1.486350635875832
21,2018,Ohio State,Washington,1,Big Ten,Pac-12,3.202064778228803,19.029403585470327,15.269057323415948,18.2627778105119,23.119763916115158,27.52309665498513,3.52168817700702,18.19722204125345,26.678791267454855,3.320836693100604,1.310234689868968,24.036434304787246,27.646498412626165,5.190286518699096,10.911747754362938,6.480249425504887,2.6712106872852814,15.689386901820637,6.302985662350907,23.72986714433984,0.62401401580879,0.3008456708966347,0.9344420361437921,19.213293791654195,13.212893475877538,10.734423229403685,16.35684509046034,20.700833423709057,27.183887146863583,0.847964164036948,16.35987536338694,26.413750959725988,3.6520214303762004,1.3965874152498758,22.639713888403982,27.54065879347636,4.600850401902378,6.899645001561891,4.710562079111684,2.3705993039212716,11.437191009302746,4.240186059322996,21.061331399980705,0.9711929708084135,0.5839309788888359,1.6424114785500354,23.56170701741675,13.155711451163052,9.781460246073562,13.352668852000631,22.35155168796861,27.076495777299602,0.8927741865855399,18.00269045787849,26.66063838359176,3.3459252115825406,1.3314649791567625,22.514102029131372,27.54652921639135,4.641696890970597,6.990861367348102,6.026298625675343,1.1621061724411805,12.193811956485591,3.259671876296282,18.04310204584243,0.039776782010216095,0.7655706551838137,0.9149395084343083,1.729916986431967,8.095811526617762,11.972248062056071,15.753715424158099,22.353211638644577,26.709431761632995,-0.0013213466692584006,15.711628381597587,25.15969789752044,2.5001106343944297,0.2725173401800704,22.199321989217164,27.343223783518116,3.324737877941564,6.2019656229056634,3.9229021291257853,0.34520209613351804,9.455362490997992,3.50069347207154,17.968998965692286,0.4098494920864478,0.5815776164133082,1.1865174303077426
